System Time,RDTSC,Elapsed Time (sec),CPU Frequency_0(MHz),Processor Power_0(Watt),Cumulative Processor Energy_0(Joules),Cumulative Processor Energy_0(mWh),IA Power_0(Watt),Cumulative IA Energy_0(Joules),Cumulative IA Energy_0(mWh),Package Temperature_0(C),Package Hot_0,GT Power_0(Watt),Cumulative GT Energy_0(Joules),Cumulative GT Energy_0(mWh),Package Power Limit_0(Watt),GT Frequency(MHz)
09:53:07:601, 235680551032966,    1.053,  800,   6.155,   6.478,   1.800,   2.407,   2.533,   0.704, 56,  0,   0.473,   0.498,   0.138,  25.000, 1100
09:53:07:757, 235680977001284,    1.217, 2300,  16.495,   9.187,   2.552,   4.952,   3.346,   0.930, 60,  0,   7.659,   1.756,   0.488,  25.000, 1100
09:53:07:961, 235681493781834,    1.416, 2300,  20.867,  13.344,   3.707,   5.747,   4.491,   1.248, 61,  0,  11.217,   3.991,   1.109,  25.000, 1100
09:53:08:164, 235682012587014,    1.616, 3000,  20.983,  17.541,   4.872,   5.376,   5.566,   1.546, 63,  0,  11.555,   6.302,   1.750,  25.000, 1100
09:53:08:367, 235682532911649,    1.817, 2500,  20.928,  21.739,   6.039,   6.366,   6.843,   1.901, 63,  0,  10.498,   8.407,   2.335,  25.000, 1100
09:53:08:554, 235683052644460,    2.017, 2500,  21.895,  26.126,   7.257,   6.297,   8.105,   2.251, 64,  0,  11.540,  10.719,   2.978,  25.000, 1100
09:53:08:757, 235683569738420,    2.216, 2500,  21.532,  30.418,   8.449,   6.574,   9.415,   2.615, 65,  0,  10.834,  12.879,   3.578,  25.000, 1100
09:53:08:961, 235684088744067,    2.416, 2500,  20.992,  34.618,   9.616,   5.508,  10.517,   2.922, 65,  0,  11.408,  15.162,   4.212,  25.000, 1100
09:53:09:164, 235684606281194,    2.616, 2500,  21.320,  38.872,  10.798,   5.950,  11.704,   3.251, 65,  0,  11.266,  17.409,   4.836,  25.000, 1100
09:53:09:367, 235685127354558,    2.817, 2500,  21.430,  43.176,  11.993,   5.646,  12.839,   3.566, 66,  0,  11.686,  19.757,   5.488,  25.000, 1100
09:53:09:554, 235685646947316,    3.017, 2500,  21.325,  47.448,  13.180,   6.054,  14.051,   3.903, 66,  0,  11.155,  21.991,   6.109,  25.000, 1100
09:53:09:757, 235686164450654,    3.217, 2600,  21.538,  51.745,  14.374,   5.986,  15.246,   4.235, 67,  0,  11.485,  24.283,   6.745,  25.000, 1050
09:53:09:961, 235686685867574,    3.418, 2500,  21.067,  55.980,  15.550,   6.913,  16.635,   4.621, 66,  0,  10.014,  26.295,   7.304,  25.000, 1100
09:53:10:164, 235687203026762,    3.617, 3100,  21.756,  60.317,  16.755,   6.918,  18.014,   5.004, 67,  0,  10.668,  28.422,   7.895,  25.000, 1100
09:53:10:367, 235687721873900,    3.817, 2500,  21.847,  64.687,  17.969,   7.174,  19.449,   5.403, 68,  0,  10.511,  30.525,   8.479,  25.000, 1100
09:53:10:570, 235688245589070,    4.019, 2800,  21.624,  69.053,  19.181,   6.883,  20.839,   5.789, 67,  0,  10.564,  32.657,   9.072,  25.000, 1100
09:53:10:758, 235688759881558,    4.217, 3100,  21.790,  73.373,  20.381,   6.984,  22.224,   6.173, 67,  0,  10.636,  34.766,   9.657,  25.000, 1100
09:53:10:961, 235689276084934,    4.416, 2500,  21.715,  77.694,  21.582,   7.451,  23.706,   6.585, 67,  0,  10.059,  36.768,  10.213,  25.000, 1100
09:53:11:164, 235689794067420,    4.616, 2500,  21.645,  82.016,  22.782,   6.850,  25.074,   6.965, 68,  0,  10.584,  38.881,  10.800,  25.000, 1100
09:53:11:367, 235690315447620,    4.817, 2500,  21.475,  86.333,  23.981,   6.943,  26.470,   7.353, 68,  0,  10.360,  40.964,  11.379,  25.000, 1100
09:53:11:554, 235690831660810,    5.016, 2500,  21.875,  90.686,  25.190,   6.792,  27.821,   7.728, 69,  0,  10.898,  43.132,  11.981,  25.000, 1100
09:53:11:758, 235691350794490,    5.216, 2500,  21.794,  95.047,  26.402,   6.794,  29.181,   8.106, 69,  0,  10.833,  45.300,  12.583,  25.000, 1100
09:53:11:961, 235691871725232,    5.417, 2500,  21.373,  99.340,  27.594,   7.254,  30.638,   8.511, 69,  0,   9.875,  47.283,  13.134,  25.000, 1100
09:53:12:164, 235692389417596,    5.616, 2500,  21.774, 103.685,  28.801,   6.890,  32.013,   8.892, 69,  0,  10.758,  49.430,  13.731,  25.000, 1100
09:53:12:367, 235692907333550,    5.816, 2500,  21.888, 108.055,  30.015,   6.886,  33.388,   9.274, 69,  0,  10.847,  51.596,  14.332,  25.000, 1100
09:53:12:554, 235693427675538,    6.017, 2500,  21.345, 112.337,  31.205,   6.805,  34.753,   9.654, 69,  0,  10.360,  53.674,  14.909,  25.000, 1100
09:53:12:758, 235693945425608,    6.216, 2500,  21.816, 116.691,  32.414,   7.110,  36.172,  10.048, 69,  0,  10.612,  55.792,  15.498,  25.000, 1100
09:53:12:961, 235694465138783,    6.417, 2500,  21.653, 121.030,  33.619,   7.208,  37.616,  10.449, 70,  0,  10.215,  57.839,  16.066,  25.000, 1100
09:53:13:164, 235694982861055,    6.616, 2500,  21.706, 125.362,  34.823,   6.863,  38.986,  10.829, 69,  0,  10.672,  59.969,  16.658,  25.000, 1100
09:53:13:367, 235695502756220,    6.817, 2500,  21.585, 129.688,  36.024,   6.931,  40.375,  11.215, 70,  0,  10.476,  62.068,  17.241,  25.000, 1100
09:53:13:554, 235696020245051,    7.016, 2500,  21.948, 134.066,  37.241,   6.907,  41.753,  11.598, 70,  0,  10.877,  64.238,  17.844,  25.000, 1100
09:53:13:758, 235696541044469,    7.217, 2500,  22.213, 138.526,  38.479,   7.028,  43.164,  11.990, 70,  0,  10.958,  66.438,  18.455,  25.000, 1100
09:53:13:961, 235697060857132,    7.417, 2500,  21.668, 142.868,  39.686,   7.308,  44.628,  12.397, 70,  0,  10.126,  68.467,  19.019,  25.000, 1100
09:53:14:164, 235697577103606,    7.616, 2500,  21.819, 147.210,  40.892,   6.957,  46.013,  12.781, 70,  0,  10.623,  70.581,  19.606,  25.000, 1100
09:53:14:367, 235698096108398,    7.816, 2500,  22.084, 151.629,  42.119,   6.894,  47.392,  13.164, 70,  0,  10.951,  72.773,  20.215,  25.000, 1100
09:53:14:554, 235698615039440,    8.016, 2500,  21.620, 155.954,  43.321,   6.852,  48.763,  13.545, 71,  0,  10.549,  74.883,  20.801,  25.000, 1100
09:53:14:758, 235699134505961,    8.217, 2500,  21.929, 160.346,  44.540,   6.945,  50.154,  13.932, 70,  0,  10.744,  77.035,  21.398,  25.000, 1100
09:53:14:960, 235699651337972,    8.416, 2500,  21.892, 164.707,  45.752,   6.782,  51.505,  14.307, 70,  0,  10.850,  79.196,  21.999,  25.000, 1100
09:53:15:163, 235700177110013,    8.619, 2500,  21.436, 169.052,  46.959,   7.270,  52.978,  14.716, 70,  0,   9.872,  81.197,  22.555,  25.000, 1100
09:53:15:367, 235700689420350,    8.816, 2500,  21.955, 173.388,  48.163,   6.929,  54.347,  15.096, 71,  0,  10.795,  83.329,  23.147,  25.000, 1100
09:53:15:554, 235701207644445,    9.016, 2500,  22.495, 177.882,  49.412,   7.063,  55.758,  15.488, 71,  0,  11.188,  85.565,  23.768,  25.000, 1100
09:53:15:761, 235701739138006,    9.221, 2500,  21.630, 182.314,  50.643,   6.965,  57.185,  15.885, 70,  0,  10.442,  87.704,  24.362,  25.000, 1100
09:53:15:964, 235702245205029,    9.416, 2500,  22.024, 186.611,  51.836,   6.934,  58.538,  16.260, 71,  0,  10.871,  89.825,  24.951,  25.000, 1100
09:53:16:168, 235702764780635,    9.616, 2400,  22.061, 191.030,  53.064,   7.497,  60.039,  16.678, 72,  0,  10.321,  91.892,  25.526,  25.000, 1100
09:53:16:355, 235703283370757,    9.816, 2500,  22.038, 195.436,  54.288,   6.966,  61.432,  17.064, 72,  0,  10.790,  94.049,  26.125,  25.000, 1100
09:53:16:558, 235703803113714,   10.016, 2500,  21.679, 199.779,  55.494,   6.865,  62.807,  17.447, 72,  0,  10.548,  96.163,  26.712,  25.000, 1100
09:53:16:764, 235704321861668,   10.216, 2500,  21.863, 204.151,  56.709,   6.913,  64.190,  17.831, 73,  0,  10.780,  98.319,  27.311,  25.000, 1100
09:53:16:968, 235704840768304,   10.416, 2500,  22.002, 208.553,  57.931,   6.862,  65.563,  18.212, 73,  0,  10.967, 100.512,  27.920,  25.000, 1100
09:53:17:155, 235705360473768,   10.617, 2500,  21.778, 212.916,  59.143,   7.366,  67.038,  18.622, 73,  0,  10.196, 102.555,  28.488,  25.000, 1100
09:53:17:358, 235705877299103,   10.816, 2500,  22.163, 217.332,  60.370,   6.899,  68.413,  19.004, 73,  0,  11.091, 104.765,  29.101,  25.000, 1100
09:53:17:561, 235706402071612,   11.018, 2400,  21.604, 221.702,  61.584,   6.993,  69.828,  19.397, 73,  0,  10.463, 106.882,  29.689,  25.000, 1100
09:53:17:764, 235706914324993,   11.216, 2500,  21.865, 226.020,  62.783,   6.917,  71.194,  19.776, 73,  0,  10.719, 108.998,  30.277,  25.000, 1100
09:53:17:968, 235707433631385,   11.416, 2500,  22.085, 230.441,  64.012,   6.882,  72.571,  20.159, 73,  0,  10.949, 111.190,  30.886,  25.000, 1100
09:53:18:155, 235707954373780,   11.617, 2500,  21.901, 234.838,  65.233,   7.188,  74.014,  20.559, 73,  0,  10.422, 113.283,  31.467,  25.000, 1100
09:53:18:358, 235708471801360,   11.816, 2500,  22.199, 239.266,  66.463,   7.189,  75.448,  20.958, 74,  0,  10.752, 115.427,  32.063,  25.000, 1050
09:53:18:562, 235708992447128,   12.017, 2500,  22.145, 243.711,  67.697,   6.898,  76.833,  21.342, 74,  0,  10.988, 117.633,  32.676,  25.000, 1100
09:53:18:766, 235709508725257,   12.216, 2500,  21.687, 248.027,  68.896,   6.956,  78.217,  21.727, 74,  0,  10.476, 119.718,  33.255,  25.000, 1100
09:53:18:953, 235710028145892,   12.416, 2500,  22.183, 252.469,  70.130,   6.977,  79.614,  22.115, 74,  0,  10.952, 121.911,  33.864,  25.000, 1100
09:53:19:156, 235710547490043,   12.616, 2500,  22.293, 256.932,  71.370,   7.223,  81.060,  22.517, 74,  0,  10.802, 124.073,  34.465,  25.000, 1100
09:53:19:359, 235711065156238,   12.816, 2500,  22.240, 261.371,  72.603,   7.602,  82.578,  22.938, 74,  0,  10.362, 126.141,  35.039,  25.000, 1100
09:53:19:563, 235711585181746,   13.016, 2500,  22.045, 265.790,  73.831,   7.022,  83.985,  23.329, 74,  0,  10.783, 128.303,  35.640,  25.000, 1100
09:53:19:766, 235712105112330,   13.217, 2600,  21.787, 270.157,  75.044,   7.014,  85.391,  23.720, 74,  0,  10.557, 130.419,  36.228,  25.000, 1050
09:53:19:953, 235712620983230,   13.416, 2500,  22.497, 274.631,  76.286,   7.169,  86.817,  24.116, 75,  0,  11.136, 132.634,  36.843,  25.000, 1100
09:53:20:156, 235713141671924,   13.616, 2500,  22.069, 279.061,  77.517,   7.039,  88.230,  24.508, 75,  0,  10.785, 134.798,  37.444,  25.000, 1100
09:53:20:359, 235713660861755,   13.817, 2500,  21.843, 283.433,  78.731,   7.564,  89.744,  24.929, 75,  0,  10.020, 136.804,  38.001,  25.000, 1100
09:53:20:563, 235714179557406,   14.017, 2500,  22.307, 287.893,  79.970,   7.035,  91.150,  25.320, 74,  0,  11.005, 139.004,  38.612,  25.000, 1100
09:53:20:766, 235714698483080,   14.217, 2500,  21.733, 292.241,  81.178,   6.998,  92.550,  25.708, 75,  0,  10.516, 141.108,  39.197,  25.000, 1100
09:53:20:953, 235715215396033,   14.416, 2500,  22.215, 296.668,  82.408,   6.989,  93.943,  26.095, 75,  0,  11.054, 143.311,  39.809,  25.000, 1100
09:53:21:156, 235715736011266,   14.617, 2500,  21.909, 301.065,  83.629,   6.985,  95.345,  26.485, 75,  0,  10.699, 145.458,  40.405,  25.000, 1100
09:53:21:359, 235716254490701,   14.816, 2500,  22.263, 305.515,  84.865,   7.440,  96.832,  26.898, 75,  0,  10.581, 147.573,  40.992,  25.000, 1100
09:53:21:563, 235716771437044,   15.016, 2500,  21.775, 309.854,  86.071,   6.956,  98.218,  27.283, 75,  0,  10.609, 149.687,  41.580,  25.000, 1100
09:53:21:766, 235717292225740,   15.217, 2500,  22.181, 314.308,  87.308,   7.041,  99.632,  27.676, 76,  0,  10.909, 151.877,  42.188,  25.000, 1100
09:53:21:953, 235717811389269,   15.417, 2500,  21.915, 318.694,  88.526,   6.909, 101.015,  28.060, 75,  0,  10.734, 154.026,  42.785,  25.000, 1100
09:53:22:156, 235718330443887,   15.617, 2500,  22.322, 323.160,  89.767,   6.905, 102.396,  28.443, 76,  0,  11.143, 156.255,  43.404,  25.000, 1100
09:53:22:359, 235718847964821,   15.816, 2500,  21.745, 327.499,  90.972,   7.326, 103.858,  28.849, 76,  0,  10.143, 158.279,  43.966,  25.000, 1100
09:53:22:563, 235719366616325,   16.016, 2500,  22.296, 331.956,  92.210,   7.146, 105.287,  29.246, 76,  0,  10.894, 160.457,  44.571,  25.000, 1100
09:53:22:766, 235719884505416,   16.216, 2300,  21.806, 336.310,  93.419,   6.915, 106.667,  29.630, 75,  0,  10.597, 162.573,  45.159,  25.000, 1100
09:53:22:962, 235720404164734,   16.416, 2500,  22.246, 340.766,  94.657,   7.052, 108.080,  30.022, 76,  0,  10.976, 164.772,  45.770,  25.000, 1100
09:53:23:165, 235720922636434,   16.616, 2600,  21.973, 345.158,  95.877,   6.968, 109.473,  30.409, 76,  0,  10.748, 166.920,  46.367,  25.000, 1050
09:53:23:353, 235721440800752,   16.816, 2500,  22.308, 349.614,  97.115,   7.147, 110.900,  30.806, 76,  0,  10.940, 169.105,  46.974,  25.000, 1100
09:53:23:559, 235721962191295,   17.017, 2500,  21.921, 354.020,  98.339,   7.454, 112.398,  31.222, 76,  0,  10.178, 171.151,  47.542,  25.000, 1100
09:53:23:762, 235722479547643,   17.216, 2500,  21.949, 358.398,  99.555,   6.971, 113.789,  31.608, 76,  0,  10.795, 173.304,  48.140,  25.000, 1100
09:53:23:965, 235722997500117,   17.416, 2500,  21.624, 362.716, 100.754,   6.843, 115.155,  31.987, 77,  0,  10.565, 175.414,  48.726,  25.000, 1100
09:53:24:154, 235723517807179,   17.617, 2500,  22.026, 367.134, 101.982,   6.967, 116.552,  32.376, 76,  0,  10.902, 177.600,  49.333,  25.000, 1100
09:53:24:357, 235724037400262,   17.817, 2500,  21.777, 371.496, 103.193,   6.939, 117.942,  32.762, 77,  0,  10.675, 179.739,  49.927,  25.000, 1100
09:53:24:561, 235724555088681,   18.016, 2500,  22.137, 375.914, 104.421,   7.419, 119.423,  33.173, 77,  0,  10.495, 181.833,  50.509,  25.000, 1100
09:53:24:764, 235725072672701,   18.216, 2500,  22.236, 380.351, 105.653,   7.181, 120.856,  33.571, 77,  0,  10.828, 183.994,  51.109,  25.000, 1100
09:53:24:967, 235725593224288,   18.417, 2500,  22.000, 384.765, 106.879,   7.026, 122.266,  33.963, 77,  0,  10.718, 186.144,  51.707,  25.000, 1100
09:53:25:154, 235726110585532,   18.616, 2500,  22.064, 389.166, 108.102,   6.899, 123.642,  34.345, 77,  0,  10.926, 188.324,  52.312,  25.000, 1100
09:53:25:357, 235726631568224,   18.817, 2500,  22.095, 393.604, 109.334,   6.915, 125.031,  34.731, 77,  0,  10.910, 190.515,  52.921,  25.000, 1100
09:53:25:561, 235727148835840,   19.016, 2500,  21.855, 397.962, 110.545,   7.446, 126.515,  35.143, 77,  0,  10.139, 192.537,  53.482,  25.000, 1100
09:53:25:764, 235727668155410,   19.217, 2500,  21.999, 402.366, 111.768,   6.962, 127.909,  35.530, 77,  0,  10.784, 194.696,  54.082,  25.000, 1100
09:53:25:967, 235728187046812,   19.417, 2500,  21.951, 406.757, 112.988,   7.080, 129.326,  35.924, 77,  0,  10.664, 196.829,  54.675,  25.000, 1100
09:53:26:154, 235728707173696,   19.617, 2500,  22.294, 411.227, 114.230,   7.092, 130.748,  36.319, 77,  0,  11.003, 199.035,  55.288,  25.000, 1100
09:53:26:358, 235729225011720,   19.817, 2500,  22.097, 415.638, 115.455,   7.245, 132.194,  36.721, 77,  0,  10.599, 201.151,  55.875,  25.000, 1100
09:53:26:561, 235729760560396,   20.023, 2500,  22.232, 420.228, 116.730,   7.413, 133.724,  37.146, 77,  0,  10.524, 203.324,  56.479,  25.000, 1100
09:53:26:764, 235730264176445,   20.217, 3000,  22.296, 424.557, 117.932,   7.170, 135.116,  37.532, 77,  0,  10.867, 205.434,  57.065,  25.000, 1100
09:53:26:967, 235730782928218,   20.417, 2500,  22.291, 429.015, 119.171,   7.187, 136.554,  37.932, 78,  0,  10.844, 207.602,  57.667,  25.000, 1100
09:53:27:170, 235731307384008,   20.619, 2500,  21.883, 433.439, 120.400,   6.939, 137.957,  38.321, 76,  0,  10.705, 209.767,  58.269,  25.000, 1100
09:53:27:358, 235731818617327,   20.817, 2500,  21.990, 437.773, 121.604,   6.965, 139.329,  38.703, 77,  0,  10.786, 211.892,  58.859,  25.000, 1100
09:53:27:561, 235732335840789,   21.016, 2500,  22.025, 442.164, 122.823,   7.033, 140.732,  39.092, 77,  0,  10.732, 214.032,  59.453,  25.000, 1100
09:53:27:764, 235732854608880,   21.216, 2500,  22.069, 446.578, 124.049,   7.423, 142.216,  39.504, 78,  0,  10.417, 216.116,  60.032,  25.000, 1100
09:53:27:967, 235733373973104,   21.416, 2400,  21.883, 450.959, 125.266,   6.955, 143.609,  39.891, 78,  0,  10.754, 218.269,  60.630,  25.000, 1100
09:53:28:154, 235733892578341,   21.616, 2500,  22.017, 455.361, 126.489,   6.953, 144.999,  40.277, 78,  0,  10.837, 220.435,  61.232,  25.000, 1100
09:53:28:358, 235734410533058,   21.816, 2500,  21.786, 459.711, 127.698,   6.351, 146.267,  40.630, 78,  0,  11.319, 222.696,  61.860,  25.000, 1100
09:53:28:561, 235734930077748,   22.016, 2500,  22.045, 464.126, 128.924,   6.264, 147.521,  40.978, 78,  0,  11.676, 225.034,  62.510,  25.000, 1100
09:53:28:764, 235735448813276,   22.216, 2500,  22.695, 468.665, 130.185,   6.893, 148.900,  41.361, 78,  0,  11.592, 227.352,  63.153,  25.000, 1100
09:53:28:967, 235735967973394,   22.416, 2500,  22.025, 473.073, 131.409,   6.050, 150.111,  41.697, 78,  0,  11.790, 229.712,  63.809,  25.000, 1100
09:53:29:154, 235736488117880,   22.617, 2500,  21.872, 477.459, 132.627,   6.311, 151.376,  42.049, 78,  0,  11.441, 232.006,  64.446,  25.000, 1100
09:53:29:358, 235737007260991,   22.817, 2600,  22.521, 481.966, 133.879,   6.672, 152.711,  42.420, 78,  0,  11.695, 234.346,  65.096,  25.000, 1050
09:53:29:561, 235737523334544,   23.016, 2500,  21.869, 486.317, 135.088,   6.202, 153.945,  42.763, 78,  0,  11.547, 236.644,  65.734,  25.000, 1100
09:53:29:764, 235738043156174,   23.216, 2200,  22.584, 490.842, 136.345,   7.130, 155.374,  43.159, 78,  0,  11.239, 238.896,  66.360,  25.000, 1100
09:53:29:967, 235738561595056,   23.416, 2000,  21.702, 495.180, 137.550,   5.840, 156.541,  43.484, 78,  0,  11.696, 241.234,  67.009,  25.000, 1100
09:53:30:154, 235739081881142,   23.617, 2500,  21.653, 499.523, 138.756,   5.785, 157.702,  43.806, 78,  0,  11.700, 243.580,  67.661,  25.000, 1100
09:53:30:404, 235739707067968,   23.858, 2800,  12.891, 502.630, 139.619,   7.840, 159.591,  44.331, 80,  0,   0.788, 243.770,  67.714,  25.000, 1100
09:53:30:561, 235740119605045,   24.017, 2500,  21.799, 506.096, 140.582,   7.004, 160.705,  44.640, 77,  0,  10.679, 245.469,  68.186,  25.000, 1100
09:53:30:764, 235740639373428,   24.217, 2000,  21.722, 510.449, 141.791,   6.941, 162.096,  45.027, 78,  0,  10.630, 247.598,  68.777,  25.000,  800
09:53:30:967, 235741155935865,   24.416, 2000,  14.473, 513.331, 142.592,   4.085, 162.909,  45.253, 76,  0,   6.248, 248.843,  69.123,  25.000,  750
09:53:31:154, 235741674152764,   24.616, 2000,  14.669, 516.262, 143.406,   3.949, 163.698,  45.472, 75,  0,   6.568, 250.155,  69.487,  25.000,  800
09:53:31:358, 235742193736302,   24.816, 2000,  14.458, 519.158, 144.210,   3.773, 164.454,  45.682, 75,  0,   6.577, 251.472,  69.853,  25.000,  800
09:53:31:561, 235742712327916,   25.016, 2000,  14.720, 522.100, 145.028,   3.820, 165.218,  45.894, 75,  0,   6.798, 252.831,  70.231,  25.000,  800
09:53:31:764, 235743245937524,   25.222, 2000,  14.372, 525.057, 145.849,   4.132, 166.068,  46.130, 75,  0,   6.177, 254.102,  70.584,  25.000,  900
09:53:31:967, 235743751964384,   25.417, 2000,  14.214, 527.830, 146.619,   5.107, 167.064,  46.407, 75,  0,   4.891, 255.056,  70.849,  25.000, 1050
09:53:32:154, 235744270608687,   25.617, 2000,  15.025, 530.834, 147.454,   5.229, 168.109,  46.697, 76,  0,   5.592, 256.174,  71.159,  25.000, 1050
09:53:32:358, 235744789577251,   25.817, 2000,  15.776, 533.990, 148.331,   6.489, 169.408,  47.058, 76,  0,   4.892, 257.153,  71.431,  25.000,  900
09:53:32:561, 235745307412504,   26.017, 2000,  15.358, 537.056, 149.182,   6.617, 170.729,  47.425, 76,  0,   4.388, 258.029,  71.675,  25.000,  800
09:53:32:765, 235745828225492,   26.217, 2000,  14.934, 540.054, 150.015,   6.526, 172.039,  47.789, 76,  0,   3.836, 258.799,  71.889,  25.000,  750
09:53:32:968, 235746349974065,   26.418, 2000,  13.731, 542.816, 150.782,   5.977, 173.241,  48.123, 75,  0,   3.398, 259.482,  72.078,  25.000, 1000
09:53:33:155, 235746869693042,   26.619, 2000,  15.234, 545.868, 151.630,   5.778, 174.399,  48.444, 75,  0,   5.071, 260.498,  72.361,  25.000,  950
09:53:33:358, 235747386729612,   26.818, 2000,  15.616, 548.981, 152.495,   5.963, 175.587,  48.774, 75,  0,   5.110, 261.517,  72.644,  25.000,  850
09:53:33:562, 235747899935569,   27.016, 2000,  14.949, 551.938, 153.316,   5.799, 176.735,  49.093, 75,  0,   4.636, 262.434,  72.898,  25.000,  800
09:53:33:765, 235748430687233,   27.221, 2000,  14.972, 555.002, 154.167,   6.005, 177.964,  49.434, 75,  0,   4.468, 263.348,  73.152,  25.000,  800
09:53:33:968, 235748941576349,   27.418, 2000,  14.967, 557.950, 154.986,   6.376, 179.219,  49.783, 75,  0,   4.054, 264.147,  73.374,  25.000,  750
09:53:34:155, 235749456227541,   27.616, 2000,  14.728, 560.872, 155.798,   5.847, 180.379,  50.105, 75,  0,   4.324, 265.005,  73.612,  25.000,  800
09:53:34:358, 235749977189703,   27.817, 2000,  14.342, 563.752, 156.598,   5.806, 181.545,  50.429, 75,  0,   4.081, 265.824,  73.840,  25.000,  900
09:53:34:562, 235750496250323,   28.017, 2000,  15.092, 566.772, 157.437,   5.748, 182.696,  50.749, 75,  0,   4.848, 266.794,  74.109,  25.000,  900
09:53:34:765, 235751024103882,   28.220, 2000,  15.360, 569.897, 158.305,   6.402, 183.998,  51.111, 75,  0,   4.445, 267.699,  74.361,  25.000,  800
09:53:34:968, 235751536317184,   28.418, 2000,  14.208, 572.703, 159.084,   6.386, 185.259,  51.461, 75,  0,   3.434, 268.377,  74.549,  25.000,  950
09:53:35:171, 235752060812216,   28.620, 2000,  14.178, 575.570, 159.880,   6.225, 186.518,  51.811, 75,  0,   3.668, 269.119,  74.755,  25.000, 1100
09:53:35:358, 235752580263812,   28.820, 2000,  14.960, 578.565, 160.713,   6.456, 187.811,  52.170, 75,  0,   4.220, 269.964,  74.990,  25.000, 1100
09:53:35:560, 235753095079625,   29.019, 2000,  16.016, 581.744, 161.596,   6.698, 189.140,  52.539, 75,  0,   4.770, 270.910,  75.253,  25.000, 1000
09:53:35:764, 235753610876790,   29.218, 2000,  15.474, 584.821, 162.450,   6.203, 190.374,  52.882, 75,  0,   4.864, 271.877,  75.521,  25.000,  850
09:53:35:967, 235754127598401,   29.417, 2000,  13.775, 587.565, 163.212,   5.551, 191.479,  53.189, 75,  0,   4.068, 272.688,  75.747,  25.000, 1100
09:53:36:170, 235754650033922,   29.618, 2000,  16.775, 590.943, 164.151,   5.706, 192.629,  53.508, 75,  0,   6.959, 274.089,  76.136,  25.000,  750
09:53:36:357, 235755166951136,   29.817, 2000,  14.668, 593.866, 164.963,   5.319, 193.688,  53.802, 74,  0,   5.218, 275.129,  76.425,  25.000,  700
09:53:36:560, 235755686491822,   30.018, 2000,  14.500, 596.771, 165.770,   5.086, 194.707,  54.085, 74,  0,   5.258, 276.182,  76.717,  25.000,  750
09:53:36:764, 235756203371332,   30.217, 2000,  14.994, 599.758, 166.599,   5.648, 195.832,  54.398, 75,  0,   5.227, 277.224,  77.007,  25.000,  700
09:53:36:967, 235756722906087,   30.417, 2000,  14.518, 602.666, 167.407,   5.492, 196.932,  54.703, 74,  0,   5.047, 278.235,  77.287,  25.000,  750
09:53:37:154, 235757240061079,   30.617, 2000,  14.577, 605.572, 168.214,   5.285, 197.986,  54.996, 73,  0,   5.325, 279.296,  77.582,  25.000,  750
09:53:37:357, 235757759163299,   30.817, 2000,  14.765, 608.527, 169.035,   5.866, 199.160,  55.322, 74,  0,   4.787, 280.254,  77.848,  25.000,  750
09:53:37:560, 235758277397006,   31.017, 2000,  14.795, 611.483, 169.856,   5.288, 200.216,  55.616, 74,  0,   5.404, 281.334,  78.148,  25.000,  700
09:53:37:764, 235758800798304,   31.218, 2000,  14.924, 614.494, 170.693,   5.392, 201.304,  55.918, 75,  0,   5.452, 282.434,  78.454,  25.000,  700
09:53:37:967, 235759315769155,   31.417, 2000,  14.783, 617.429, 171.508,   5.394, 202.375,  56.215, 74,  0,   5.278, 283.482,  78.745,  25.000,  750
09:53:38:154, 235759834900882,   31.617, 2000,  14.964, 620.423, 172.340,   5.290, 203.434,  56.509, 74,  0,   5.525, 284.587,  79.052,  25.000,  750
09:53:38:357, 235760351733915,   31.816, 2000,  15.101, 623.432, 173.176,   5.664, 204.563,  56.823, 73,  0,   5.257, 285.635,  79.343,  25.000,  700
09:53:38:561, 235760873600710,   32.017, 2000,  14.814, 626.412, 174.003,   5.226, 205.614,  57.115, 74,  0,   5.450, 286.731,  79.648,  25.000,  700
09:53:38:764, 235761388970670,   32.216, 2000,  14.835, 629.360, 174.822,   5.406, 206.688,  57.413, 74,  0,   5.311, 287.786,  79.941,  25.000,  750
09:53:38:967, 235761911134490,   32.417, 2000,  15.028, 632.385, 175.662,   5.379, 207.771,  57.714, 74,  0,   5.605, 288.915,  80.254,  25.000,  700
09:53:39:154, 235762429276962,   32.617, 2000,  14.844, 635.350, 176.486,   5.166, 208.802,  58.001, 74,  0,   5.605, 290.034,  80.565,  25.000,  750
09:53:39:357, 235762945548541,   32.816, 2000,  14.972, 638.330, 177.314,   5.627, 209.922,  58.312, 74,  0,   5.242, 291.078,  80.855,  25.000,  750
09:53:39:561, 235763467540391,   33.017, 2000,  15.062, 641.361, 178.156,   5.519, 211.033,  58.620, 74,  0,   5.466, 292.177,  81.160,  25.000,  750
09:53:39:764, 235763982590099,   33.216, 2000,  14.935, 644.326, 178.979,   5.345, 212.094,  58.915, 73,  0,   5.481, 293.266,  81.463,  25.000,  750
09:53:39:967, 235764504580431,   33.417, 2000,  15.053, 647.355, 179.821,   5.336, 213.168,  59.213, 73,  0,   5.497, 294.372,  81.770,  25.000,  700
09:53:40:154, 235765024051175,   33.617, 2000,  14.792, 650.317, 180.644,   5.547, 214.279,  59.522, 74,  0,   5.175, 295.408,  82.058,  25.000,  700
09:53:40:363, 235765542451336,   33.817, 2000,  14.971, 653.309, 181.475,   5.503, 215.378,  59.827, 74,  0,   5.301, 296.468,  82.352,  25.000,  700
09:53:40:566, 235766057677083,   34.016, 2000,  14.868, 656.262, 182.295,   5.760, 216.522,  60.145, 73,  0,   4.915, 297.444,  82.623,  25.000,  700
09:53:40:769, 235766580699368,   34.218, 2000,  14.899, 659.266, 183.130,   5.523, 217.636,  60.454, 74,  0,   5.268, 298.506,  82.918,  25.000,  750
09:53:40:956, 235767095917642,   34.416, 2000,  14.956, 662.237, 183.955,   5.369, 218.702,  60.751, 74,  0,   5.453, 299.589,  83.219,  25.000,  700
09:53:41:160, 235767617541839,   34.617, 2000,  14.964, 665.246, 184.791,   5.413, 219.791,  61.053, 74,  0,   5.437, 300.682,  83.523,  25.000,  700
09:53:41:363, 235768134190492,   34.816, 2000,  14.531, 668.140, 185.594,   5.614, 220.909,  61.364, 74,  0,   4.720, 301.623,  83.784,  25.000,  800
09:53:41:566, 235768651749991,   35.016, 2000,  15.502, 671.233, 186.454,   5.815, 222.069,  61.686, 74,  0,   5.478, 302.716,  84.088,  25.000,  700
09:53:41:753, 235769170837006,   35.216, 2000,  14.909, 674.216, 187.282,   5.383, 223.146,  61.985, 74,  0,   5.374, 303.791,  84.386,  25.000,  700
09:53:41:956, 235769692614280,   35.417, 2000,  14.890, 677.211, 188.114,   5.433, 224.239,  62.289, 74,  0,   5.271, 304.851,  84.681,  25.000,  700
09:53:42:164, 235770222856324,   35.622, 2000,  14.734, 680.223, 188.951,   5.628, 225.390,  62.608, 74,  0,   4.729, 305.818,  84.949,  25.000,  750
09:53:42:367, 235770729158256,   35.817, 2000,  15.134, 683.177, 189.771,   5.537, 226.470,  62.908, 74,  0,   5.400, 306.872,  85.242,  25.000,  750
09:53:42:554, 235771248618228,   36.017, 2000,  14.950, 686.171, 190.603,   5.377, 227.547,  63.208, 74,  0,   5.488, 307.971,  85.547,  25.000,  700
09:53:42:758, 235771764896575,   36.216, 2000,  14.921, 689.141, 191.428,   5.657, 228.673,  63.520, 74,  0,   5.142, 308.994,  85.832,  25.000,  700
09:53:42:958, 235772286080561,   36.417, 2000,  14.834, 692.121, 192.256,   5.378, 229.754,  63.820, 74,  0,   5.264, 310.052,  86.126,  25.000,  700
09:53:43:161, 235772803017399,   36.616, 2000,  14.929, 695.096, 193.082,   5.326, 230.815,  64.115, 74,  0,   5.478, 311.144,  86.429,  25.000,  700
09:53:43:364, 235773322583650,   36.817, 2000,  14.935, 698.088, 193.913,   5.253, 231.867,  64.408, 72,  0,   5.521, 312.250,  86.736,  25.000,  700
09:53:43:567, 235773841401102,   37.017, 2000,  14.954, 701.079, 194.744,   5.349, 232.937,  64.705, 72,  0,   5.467, 313.343,  87.040,  25.000,  750
09:53:43:755, 235774358243409,   37.216, 2000,  15.017, 704.071, 195.575,   5.626, 234.058,  65.016, 74,  0,   5.243, 314.388,  87.330,  25.000,  700
09:53:43:963, 235774881589587,   37.418, 2000,  15.003, 707.098, 196.416,   5.480, 235.164,  65.323, 74,  0,   5.405, 315.478,  87.633,  25.000,  700
09:53:44:166, 235775406429368,   37.620, 2000,  14.786, 710.089, 197.247,   6.376, 236.454,  65.682, 74,  0,   4.097, 316.307,  87.863,  25.000,  750
09:53:44:368, 235775916526596,   37.817, 2000,  13.629, 712.769, 197.992,   6.513, 237.734,  66.037, 74,  0,   3.081, 316.913,  88.031,  25.000, 1000
09:53:44:568, 235776435617651,   38.017, 2000,  16.357, 716.043, 198.901,   6.052, 238.945,  66.374, 74,  0,   6.180, 318.150,  88.375,  25.000,  800
09:53:44:769, 235776957175748,   38.218, 2000,  15.582, 719.176, 199.771,   6.272, 240.207,  66.724, 74,  0,   5.094, 319.174,  88.659,  25.000,  700
09:53:44:971, 235777481571336,   38.420, 2000,  14.365, 722.080, 200.578,   5.980, 241.416,  67.060, 74,  0,   4.204, 320.024,  88.896,  25.000,  800
09:53:45:169, 235777994129214,   38.617, 2000,  14.939, 725.032, 201.398,   6.419, 242.684,  67.412, 74,  0,   4.278, 320.869,  89.130,  25.000,  750
09:53:45:366, 235778512903226,   38.817, 2000,  15.260, 728.084, 202.245,   5.798, 243.844,  67.734, 74,  0,   5.254, 321.920,  89.422,  25.000,  700
09:53:45:554, 235779027754216,   39.016, 2000,  14.829, 731.027, 203.063,   6.213, 245.077,  68.077, 74,  0,   4.381, 322.790,  89.664,  25.000,  650
09:53:45:762, 235779547509583,   39.216, 2000,  14.648, 733.962, 203.878,   6.096, 246.298,  68.416, 74,  0,   4.365, 323.664,  89.907,  25.000,  700
09:53:45:965, 235780068624958,   39.417, 2000,  14.908, 736.957, 204.710,   6.194, 247.542,  68.762, 73,  0,   4.482, 324.565,  90.157,  25.000,  700
09:53:46:168, 235780585239221,   39.616, 2000,  14.893, 739.923, 205.534,   5.455, 248.629,  69.064, 73,  0,   5.300, 325.620,  90.450,  25.000,  700
09:53:46:361, 235781104256792,   39.816, 2000,  15.002, 742.924, 206.368,   6.050, 249.839,  69.400, 74,  0,   4.665, 326.554,  90.709,  25.000,  700
09:53:46:569, 235781625426109,   40.017, 2000,  14.565, 745.851, 207.181,   6.125, 251.070,  69.742, 73,  0,   4.179, 327.393,  90.943,  25.000,  750
09:53:46:765, 235782140807258,   40.216, 2000,  15.268, 748.884, 208.023,   6.017, 252.265,  70.074, 73,  0,   4.985, 328.384,  91.218,  25.000,  750
09:53:46:968, 235782662146256,   40.417, 2000,  15.069, 751.913, 208.865,   5.520, 253.375,  70.382, 73,  0,   5.384, 329.466,  91.518,  25.000,  700
09:53:47:156, 235783178565547,   40.616, 2000,  14.780, 754.855, 209.682,   5.619, 254.493,  70.693, 73,  0,   5.040, 330.469,  91.797,  25.000,  700
09:53:47:359, 235783699777338,   40.817, 2000,  14.925, 757.854, 210.515,   5.412, 255.581,  70.995, 73,  0,   5.374, 331.549,  92.097,  25.000,  700
09:53:47:562, 235784218761994,   41.017, 2000,  14.895, 760.834, 211.343,   5.254, 256.632,  71.287, 73,  0,   5.555, 332.661,  92.406,  25.000,  700
09:53:47:765, 235784737929068,   41.217, 2000,  14.755, 763.787, 212.163,   5.325, 257.698,  71.583, 73,  0,   5.286, 333.719,  92.700,  25.000,  750
09:53:47:968, 235785253711811,   41.416, 2000,  15.182, 766.806, 213.002,   5.372, 258.766,  71.879, 73,  0,   5.634, 334.839,  93.011,  25.000,  700
09:53:48:156, 235785776045945,   41.617, 2000,  14.997, 769.826, 213.841,   5.565, 259.886,  72.191, 73,  0,   5.305, 335.907,  93.307,  25.000,  700
09:53:48:382, 235786328948236,   41.831, 2000,  14.805, 772.982, 214.717,   5.342, 261.025,  72.507, 73,  0,   5.266, 337.029,  93.619,  25.000,  750
09:53:48:555, 235786812791671,   42.017, 2000,  14.946, 775.769, 215.492,   5.755, 262.098,  72.805, 73,  0,   4.888, 337.941,  93.873,  25.000,  700
09:53:48:767, 235787328751899,   42.216, 2000,  15.063, 778.766, 216.324,   5.854, 263.263,  73.129, 73,  0,   4.991, 338.934,  94.148,  25.000,  700
09:53:48:966, 235787847100676,   42.416, 2000,  14.841, 781.731, 217.148,   5.574, 264.377,  73.438, 72,  0,   5.141, 339.961,  94.434,  25.000,  750
09:53:49:169, 235788370262412,   42.618, 2000,  15.155, 784.788, 217.997,   5.659, 265.518,  73.755, 73,  0,   5.322, 341.035,  94.732,  25.000,  700
09:53:49:369, 235788889164654,   42.818, 2000,  14.791, 787.746, 218.818,   5.461, 266.610,  74.058, 73,  0,   5.090, 342.053,  95.015,  25.000,  700
09:53:49:568, 235789405986259,   43.017, 2000,  15.073, 790.749, 219.653,   5.919, 267.790,  74.386, 73,  0,   4.760, 343.001,  95.278,  25.000,  650
09:53:49:768, 235789924951615,   43.217, 2000,  14.413, 793.633, 220.454,   6.395, 269.069,  74.741, 73,  0,   3.662, 343.734,  95.482,  25.000,  750
09:53:49:964, 235790442497449,   43.416, 2000,  15.175, 796.661, 221.295,   5.649, 270.196,  75.055, 73,  0,   5.313, 344.794,  95.776,  25.000,  750
09:53:50:167, 235790960376957,   43.616, 2000,  15.043, 799.664, 222.129,   5.419, 271.278,  75.355, 73,  0,   5.449, 345.882,  96.078,  25.000,  700
09:53:50:370, 235791484632637,   43.818, 2000,  14.791, 802.653, 222.959,   5.742, 272.439,  75.677, 73,  0,   4.881, 346.868,  96.352,  25.000,  750
09:53:50:568, 235791999734199,   44.017, 2000,  15.117, 805.655, 223.793,   5.614, 273.553,  75.987, 71,  0,   5.311, 347.923,  96.645,  25.000,  700
09:53:50:762, 235792517713699,   44.216, 2000,  14.838, 808.618, 224.616,   5.281, 274.608,  76.280, 71,  0,   5.438, 349.008,  96.947,  25.000,  750
09:53:50:968, 235793038522615,   44.417, 2000,  14.825, 811.594, 225.443,   5.451, 275.703,  76.584, 73,  0,   5.183, 350.049,  97.236,  25.000,  750
09:53:51:167, 235793557305587,   44.617, 2000,  14.496, 814.494, 226.248,   5.642, 276.831,  76.897, 72,  0,   4.625, 350.974,  97.493,  25.000,  800
09:53:51:366, 235794073685294,   44.816, 2000,  15.590, 817.597, 227.110,   5.686, 277.963,  77.212, 72,  0,   5.759, 352.121,  97.811,  25.000,  700
09:53:51:571, 235794599389455,   45.019, 2000,  14.911, 820.619, 227.950,   5.543, 279.086,  77.524, 73,  0,   5.179, 353.170,  98.103,  25.000,  750
09:53:51:771, 235795118501712,   45.219, 2000,  15.162, 823.653, 228.793,   6.028, 280.292,  77.859, 74,  0,   4.787, 354.128,  98.369,  25.000,  650
09:53:51:969, 235795634126260,   45.418, 2000,  14.810, 826.597, 229.610,   6.078, 281.501,  78.195, 73,  0,   4.410, 355.005,  98.612,  25.000,  700
09:53:52:169, 235796151947388,   45.617, 2000,  14.979, 829.587, 230.441,   5.921, 282.683,  78.523, 73,  0,   4.763, 355.956,  98.877,  25.000,  650
09:53:52:369, 235796671278699,   45.818, 2000,  14.777, 832.546, 231.263,   6.090, 283.902,  78.862, 73,  0,   4.411, 356.839,  99.122,  25.000,  700
09:53:52:570, 235797190675265,   46.018, 2000,  14.757, 835.501, 232.084,   5.548, 285.013,  79.170, 73,  0,   4.920, 357.824,  99.396,  25.000,  700
09:53:52:769, 235797706683353,   46.217, 2000,  14.947, 838.474, 232.909,   5.271, 286.061,  79.461, 73,  0,   5.419, 358.902,  99.695,  25.000,  700
09:53:52:969, 235798227583158,   46.418, 2000,  14.852, 841.456, 233.738,   5.264, 287.118,  79.755, 72,  0,   5.331, 359.973,  99.992,  25.000,  700
09:53:53:169, 235798745726799,   46.617, 2000,  14.923, 844.437, 234.566,   5.343, 288.185,  80.052, 73,  0,   5.304, 361.032, 100.287,  25.000,  700
09:53:53:368, 235799262364406,   46.816, 2000,  14.877, 847.400, 235.389,   6.047, 289.390,  80.386, 73,  0,   4.551, 361.939, 100.538,  25.000,  700
09:53:53:570, 235799786810318,   47.019, 2000,  14.232, 850.278, 236.188,   6.506, 290.705,  80.751, 73,  0,   3.596, 362.666, 100.740,  25.000,  900
09:53:53:769, 235800302738812,   47.218, 2000,  14.832, 853.228, 237.008,   6.350, 291.968,  81.102, 73,  0,   4.312, 363.523, 100.979,  25.000, 1000
09:53:53:969, 235800819696857,   47.417, 2000,  15.904, 856.397, 237.888,   6.679, 293.299,  81.472, 73,  0,   4.988, 364.517, 101.255,  25.000,  900
09:53:54:168, 235801337471901,   47.616, 2000,  15.923, 859.575, 238.771,   6.264, 294.549,  81.819, 74,  0,   5.410, 365.597, 101.555,  25.000,  750
09:53:54:369, 235801857426449,   47.817, 2000,  14.699, 862.522, 239.589,   6.117, 295.775,  82.160, 73,  0,   4.456, 366.490, 101.803,  25.000,  800
09:53:54:568, 235802374369971,   48.016, 2000,  15.232, 865.557, 240.433,   6.082, 296.987,  82.497, 74,  0,   4.984, 367.484, 102.079,  25.000,  700
09:53:54:768, 235802895416950,   48.217, 2000,  13.947, 868.359, 241.211,   6.455, 298.284,  82.857, 73,  0,   3.302, 368.147, 102.263,  25.000,  900
09:53:54:968, 235803413162168,   48.417, 2000,  15.311, 871.415, 242.060,   5.762, 299.434,  83.176, 72,  0,   5.451, 369.235, 102.565,  25.000,  850
09:53:55:168, 235803933485245,   48.617, 2000,  15.536, 874.531, 242.925,   5.574, 300.552,  83.487, 73,  0,   5.874, 370.413, 102.893,  25.000,  750
09:53:55:368, 235804449355504,   48.816, 2000,  15.205, 877.555, 243.765,   5.623, 301.670,  83.797, 73,  0,   5.414, 371.490, 103.192,  25.000,  700
09:53:55:568, 235804968752616,   49.016, 2000,  14.498, 880.458, 244.572,   5.457, 302.763,  84.101, 73,  0,   4.908, 372.473, 103.465,  25.000,  750
09:53:55:756, 235805490341216,   49.217, 2000,  14.897, 883.453, 245.404,   5.543, 303.878,  84.410, 72,  0,   5.218, 373.522, 103.756,  25.000,  700
09:53:55:959, 235806007415072,   49.417, 2000,  14.540, 886.352, 246.209,   5.564, 304.987,  84.718, 72,  0,   4.861, 374.491, 104.025,  25.000,  700
09:53:56:162, 235806527148000,   49.617, 2000,  14.795, 889.316, 247.032,   5.269, 306.042,  85.012, 72,  0,   5.383, 375.569, 104.325,  25.000,  700
09:53:56:365, 235807045676036,   49.817, 2000,  14.827, 892.280, 247.855,   5.297, 307.101,  85.306, 71,  0,   5.431, 376.655, 104.626,  25.000,  750
09:53:56:568, 235807562399187,   50.016, 2000,  14.936, 895.255, 248.682,   5.488, 308.194,  85.609, 72,  0,   5.309, 377.713, 104.920,  25.000,  700
09:53:56:756, 235808083878951,   50.217, 2000,  15.005, 898.271, 249.520,   5.437, 309.287,  85.913, 72,  0,   5.449, 378.808, 105.224,  25.000,  700
09:53:56:959, 235808601553133,   50.417, 2000,  14.825, 901.230, 250.342,   5.806, 310.446,  86.235, 72,  0,   4.886, 379.783, 105.495,  25.000,  750
09:53:57:162, 235809120003115,   50.617, 2000,  14.944, 904.217, 251.171,   5.319, 311.509,  86.530, 73,  0,   5.527, 380.888, 105.802,  25.000,  700
09:53:57:365, 235809640908700,   50.817, 2000,  14.988, 907.226, 252.007,   5.359, 312.585,  86.829, 73,  0,   5.477, 381.988, 106.108,  25.000,  700
09:53:57:568, 235810159398199,   51.017, 2000,  14.972, 910.219, 252.839,   5.481, 313.681,  87.134, 74,  0,   5.355, 383.058, 106.405,  25.000,  700
09:53:57:756, 235810676050456,   51.217, 2000,  14.912, 913.189, 253.664,   5.359, 314.748,  87.430, 71,  0,   5.473, 384.148, 106.708,  25.000,  700
09:53:57:959, 235811195554068,   51.417, 2000,  14.963, 916.186, 254.496,   5.959, 315.942,  87.762, 73,  0,   4.895, 385.128, 106.980,  25.000,  750
09:53:58:162, 235811715339091,   51.617, 2000,  14.864, 919.164, 255.323,   5.251, 316.994,  88.054, 71,  0,   5.579, 386.246, 107.291,  25.000,  750
09:53:58:357, 235812233883438,   51.817, 2000,  15.011, 922.165, 256.157,   5.491, 318.091,  88.359, 72,  0,   5.416, 387.329, 107.591,  25.000,  700
09:53:58:560, 235812750879587,   52.016, 2000,  14.995, 925.153, 256.987,   5.520, 319.192,  88.664, 71,  0,   5.394, 388.404, 107.890,  25.000,  700
09:53:58:763, 235813271592329,   52.217, 2000,  14.846, 928.133, 257.815,   5.344, 320.264,  88.962, 72,  0,   5.406, 389.489, 108.191,  25.000,  750
09:53:58:966, 235813790468869,   52.417, 2000,  15.041, 931.142, 258.651,   5.541, 321.373,  89.270, 71,  0,   5.333, 390.556, 108.488,  25.000,  700
09:53:59:154, 235814309017174,   52.617, 2000,  14.777, 934.096, 259.471,   5.537, 322.479,  89.578, 72,  0,   5.151, 391.586, 108.774,  25.000,  750
09:53:59:357, 235814826855837,   52.817, 2000,  14.869, 937.064, 260.296,   5.356, 323.549,  89.875, 72,  0,   5.393, 392.663, 109.073,  25.000,  700
09:53:59:560, 235815345522919,   53.017, 2000,  14.978, 940.059, 261.128,   5.315, 324.612,  90.170, 73,  0,   5.537, 393.770, 109.380,  25.000,  750
09:53:59:763, 235815864514901,   53.217, 2000,  14.852, 943.031, 261.953,   5.244, 325.661,  90.461, 71,  0,   5.479, 394.866, 109.685,  25.000,  750
09:53:59:966, 235816384135899,   53.417, 2000,  15.055, 946.046, 262.791,   5.374, 326.737,  90.760, 71,  0,   5.552, 395.978, 109.994,  25.000,  700
09:54:00:169, 235816904561504,   53.618, 2000,  14.933, 949.042, 263.623,   5.744, 327.890,  91.080, 72,  0,   5.034, 396.988, 110.274,  25.000,  700
09:54:00:357, 235817423992024,   53.818, 2000,  15.070, 952.060, 264.461,   5.681, 329.027,  91.396, 71,  0,   5.205, 398.030, 110.564,  25.000,  700
09:54:00:560, 235817946427882,   54.019, 2000,  14.584, 954.997, 265.277,   5.717, 330.179,  91.716, 71,  0,   4.715, 398.980, 110.828,  25.000,  750
09:54:00:763, 235818457638255,   54.216, 2000,  15.131, 957.979, 266.105,   5.382, 331.239,  92.011, 73,  0,   5.611, 400.086, 111.135,  25.000,  750
09:54:00:966, 235818979144636,   54.417, 2000,  14.890, 960.973, 266.937,   5.299, 332.305,  92.307, 71,  0,   5.519, 401.195, 111.443,  25.000,  700
09:54:01:154, 235819494989349,   54.616, 2000,  15.172, 963.990, 267.775,   5.745, 333.447,  92.624, 71,  0,   5.241, 402.237, 111.733,  25.000,  700
09:54:01:357, 235820014644212,   54.817, 2000,  14.774, 966.949, 268.597,   5.363, 334.521,  92.923, 71,  0,   5.321, 403.303, 112.029,  25.000,  750
09:54:01:560, 235820532932165,   55.016, 2000,  14.832, 969.913, 269.420,   5.356, 335.592,  93.220, 71,  0,   5.369, 404.376, 112.327,  25.000,  750
09:54:01:763, 235821053069602,   55.217, 2000,  14.957, 972.912, 270.253,   5.296, 336.654,  93.515, 71,  0,   5.466, 405.472, 112.631,  25.000,  700
09:54:01:966, 235821572315647,   55.417, 2000,  14.852, 975.885, 271.079,   5.253, 337.705,  93.807, 71,  0,   5.423, 406.558, 112.933,  25.000,  750
09:54:02:154, 235822088196463,   55.616, 2000,  15.188, 978.906, 271.918,   5.477, 338.794,  94.109, 73,  0,   5.519, 407.655, 113.238,  25.000,  700
09:54:02:357, 235822613087792,   55.818, 2000,  14.903, 981.921, 272.756,   5.850, 339.978,  94.438, 72,  0,   4.859, 408.638, 113.511,  25.000,  700
09:54:02:560, 235823128976275,   56.017, 2000,  14.680, 984.841, 273.567,   5.277, 341.027,  94.730, 71,  0,   5.267, 409.686, 113.802,  25.000,  750
09:54:02:763, 235823645255712,   56.216, 2000,  15.208, 987.867, 274.408,   5.749, 342.172,  95.048, 72,  0,   5.117, 410.704, 114.085,  25.000,  700
09:54:02:966, 235824163763218,   56.416, 2000,  14.890, 990.844, 275.234,   5.241, 343.219,  95.339, 71,  0,   5.332, 411.770, 114.381,  25.000,  700
09:54:03:154, 235824685122947,   56.617, 2000,  14.888, 993.836, 276.066,   5.043, 344.233,  95.620, 71,  0,   5.526, 412.881, 114.689,  25.000,  750
09:54:03:357, 235825201865849,   56.816, 2000,  15.059, 996.836, 276.899,   5.630, 345.354,  95.932, 71,  0,   5.110, 413.899, 114.972,  25.000,  700
09:54:03:560, 235825721447855,   57.017, 2000,  14.841, 999.809, 277.725,   5.784, 346.513,  96.254, 73,  0,   4.762, 414.852, 115.237,  25.000,  700
09:54:03:763, 235826238845126,   57.216, 2000,  14.936,1002.788, 278.552,   5.337, 347.577,  96.549, 71,  0,   5.272, 415.904, 115.529,  25.000,  700
09:54:03:966, 235826759921371,   57.417, 2000,  14.808,1005.763, 279.378,   5.364, 348.655,  96.849, 71,  0,   5.152, 416.939, 115.816,  25.000,  700
09:54:04:185, 235827330312299,   57.637, 2000,  14.145,1008.873, 280.242,   6.095, 349.995,  97.221, 74,  0,   3.695, 417.751, 116.042,  25.000,  900
09:54:04:357, 235827797699550,   57.817, 2000,  15.085,1011.591, 280.997,   6.541, 351.173,  97.548, 74,  0,   4.186, 418.506, 116.252,  25.000,  950
09:54:04:560, 235828318117614,   58.018, 2000,  16.189,1014.839, 281.900,   5.527, 352.282,  97.856, 73,  0,   6.393, 419.788, 116.608,  25.000,  750
09:54:04:763, 235828832356687,   58.216, 2000,  15.049,1017.822, 282.728,   5.571, 353.387,  98.163, 71,  0,   5.133, 420.806, 116.890,  25.000,  700
09:54:04:966, 235829354823863,   58.417, 2000,  14.710,1020.785, 283.551,   5.367, 354.468,  98.463, 72,  0,   5.047, 421.822, 117.173,  25.000,  700
09:54:05:154, 235829871201169,   58.616, 2000,  14.831,1023.737, 284.371,   5.737, 355.610,  98.780, 72,  0,   4.703, 422.758, 117.433,  25.000,  750
09:54:05:357, 235830390963196,   58.817, 2000,  14.863,1026.715, 285.199,   5.181, 356.648,  99.069, 71,  0,   5.459, 423.852, 117.737,  25.000,  750
09:54:05:557, 235830907611160,   59.016, 2000,  15.133,1029.729, 286.036,   5.725, 357.788,  99.386, 73,  0,   5.056, 424.859, 118.016,  25.000,  700
09:54:05:760, 235831429985539,   59.217, 2000,  14.762,1032.702, 286.862,   5.228, 358.841,  99.678, 71,  0,   5.205, 425.908, 118.308,  25.000,  700
09:54:05:963, 235831947464969,   59.417, 2000,  14.929,1035.680, 287.689,   5.211, 359.881,  99.967, 72,  0,   5.421, 426.989, 118.608,  25.000,  700
09:54:06:166, 235832469575267,   59.618, 2000,  14.925,1038.685, 288.523,   5.290, 360.945, 100.263, 72,  0,   5.358, 428.067, 118.908,  25.000,  700
09:54:06:354, 235832985978100,   59.817, 2000,  14.938,1041.658, 289.350,   5.250, 361.990, 100.553, 71,  0,   5.400, 429.142, 119.206,  25.000,  700
09:54:06:557, 235833506278317,   60.018, 2000,  15.024,1044.672, 290.187,   5.713, 363.136, 100.871, 71,  0,   5.027, 430.151, 119.486,  25.000,  700

Total Elapsed Time (sec) = 60.017711
Measured RDTSC Frequency (GHz) = 2.594

Cumulative Processor Energy_0 (Joules) = 1044.671875
Cumulative Processor Energy_0 (mWh) = 290.186632
Average Processor Power_0 (Watt) = 17.406060

Cumulative IA Energy_0 (Joules) = 363.136414
Cumulative IA Energy_0 (mWh) = 100.871226
Average IA Power_0 (Watt) = 6.050488

Cumulative GT Energy_0 (Joules) = 430.150696
Cumulative GT Energy_0 (mWh) = 119.486304
Average GT Power_0 (Watt) = 7.167063
